{"loss": 1.6442989110946655, "accuracy": 0.03775661811232567, "_timestamp": 1735295989.529941, "_runtime": 2021.8511941432953, "_step": 1746, "_wandb": {"runtime": 2020}}