{"loss": 1.7308099269866943, "accuracy": 0.003439985914155841, "_timestamp": 1735364750.703536, "_runtime": 70816.26479506493, "_step": 62549, "_wandb": {"runtime": 71905}}