{"loss": 0.4437389671802521, "_timestamp": 1735396733.6501842, "_runtime": 108202.08226919174, "_step": 100019, "accuracy": 0.47466394305229187, "_wandb": {"runtime": 108199}}