{"loss": 1.1950390338897705, "_timestamp": 1735398074.5339012, "_runtime": 109150.11838126183, "_step": 100019, "accuracy": 0.4603561758995056, "_wandb": {"runtime": 109147}}