{"loss": 1.7265145778656006, "accuracy": 0.02736208215355873, "_timestamp": 1734808156.8479476, "_runtime": 47368.76316070557, "_step": 20849, "_wandb": {"runtime": 49290}}