{"loss": 1.731139898300171, "accuracy": 0.0, "_timestamp": 1734579323.015631, "_runtime": 37.96748685836792, "_step": 172, "_wandb": {"runtime": 35}}