{"loss": 1.6943864822387695, "_timestamp": 1735399373.6299884, "_runtime": 108809.5060763359, "_step": 100673, "accuracy": 0.035637591034173965, "_wandb": {"runtime": 108807}}