{"loss": 0.9843237400054932, "_timestamp": 1735288452.8449132, "_runtime": 132.32242727279663, "_step": 111, "accuracy": 0.0035787138622254133, "_wandb": {"runtime": 131}}