{"loss": 0.23602449893951416, "_timestamp": 1735399476.9195795, "_runtime": 103312.3399875164, "_step": 95705, "accuracy": 0.5624308586120605, "_wandb": {"runtime": 103309}}