{"loss": 0.7797452807426453, "accuracy": 0.892909586429596, "_timestamp": 1734752330.014891, "_runtime": 135822.8182618618, "_step": 58798}