{"loss": 1.722765326499939, "accuracy": 0.0, "_timestamp": 1734782964.4525445, "_runtime": 166457.25591540337, "_step": 72999, "_wandb": {"runtime": 166609}}