{"loss": 1.6718535423278809, "accuracy": 0.02348046377301216, "_timestamp": 1735291208.878966, "_runtime": 38.47284197807312, "_step": 18, "_wandb": {"runtime": 37}}