{"loss": 0.5462024807929993, "_timestamp": 1735396653.082401, "_runtime": 107811.18516612053, "_step": 100019, "accuracy": 0.4540785849094391, "_wandb": {"runtime": 107808}}