{"loss": 1.7328455448150635, "accuracy": 0.0013224980793893337, "_timestamp": 1734615032.1190937, "_runtime": 561.5508515834808, "_step": 204, "_wandb": {"runtime": 559}}