{"loss": 1.7308971881866455, "accuracy": 0.0, "_timestamp": 1734616223.7336183, "_runtime": 900.7468931674957, "_step": 284, "_wandb": {"runtime": 900}}